{
  "side": "long",
  "entry_time": "2026-01-13T16:44:29.284212",
  "entry_price": 140.1415988161936,
  "stop_loss": 136.74887756851066,
  "position_size": 0.3533568904593639,
  "remaining_size": 0.3533568904593639,
  "risk_amount": 49.519999581693845,
  "tp1": 143.76639790568748,
  "tp1_percent": 30.0,
  "tp2": 146.7778484132525,
  "tp2_percent": 50.0,
  "trailing_stop": null,
  "order_ids": ["994161534085", "994161535098"]
}
